{"vectors": {"12": [100.0], "the": [-0.004847906, -0.0005576173, 0.0028183553, -0.00078060036, -0.0039348677, -0.0013808513, 6.674118e-05, -0.003617894, 0.0040093106, 0.0015940532, 0.0037590568, -6.421603e-05, -0.00411744, -0.0048671435, -0.0015878539, -0.001916356, 0.0027271155, -0.0005202247, 0.0046035834, -0.0034253092, 0.0010688656, 0.004512562, 0.0039409613, 8.146041e-05, -0.004737785, 0.00026988453, -0.004599316, 0.0038901959, 0.0031589605, 0.0037692676, 0.0007963987, -0.0014992047, -0.0016195776, 0.0002492436, 0.0037693006, 0.0028780045, -0.0023535613, -0.0035570269, -0.0019100413, 0.0009847808, 0.0047572725, 0.0021928968, -0.004064971, -0.0036066668, 0.004966287, -0.0022906002, -0.0035723816, 0.004146654, -0.003293114, -0.0024079743, 0.00035516344, -0.00063098647, 0.0016373396, 0.00039903872, 0.0027370823, -0.0011567698, 0.00267314, -0.0048566037, -0.002804333, -0.0035215109, -0.00022011025, 0.0027750137, 0.0019022936, 0.0042412477, 0.0024207293, 0.00034374464, 0.0014706542, -0.0005224184, -0.0024448645, -0.002785549, -0.0008093061, -0.002451512, -0.0007453966, 0.0046595107, 0.004256091, -0.0033055246, 0.00079449645, 0.002168364, -4.2342485e-06, 0.00241643, -0.0002754411, -0.004531921, -0.0028709297, -0.00041339445, -0.003691489, 0.00016233035, -0.0034867155, 0.0039379084, 0.0010298903, 0.0028054165, -0.0026573914, 0.0013010516, -0.0013000984, 0.004553553, 0.0033414627, -0.0010339115, -0.0036097127, -0.0045875115, -0.0016672664, -0.00029548214], "of": [0.0012650461, 0.004199009, -0.0044415495, -0.004106474, 0.0019061877, 0.00089076604, -0.003254571, -0.0024541805, 0.0017301321, 0.001606316, -0.0029774231, -0.0015188179, -4.6453082e-05, 0.0020341594, 0.0018905819, 0.0036480145, -0.00036755556, -0.0006587829, 0.0034194267, -0.0019301093, 0.0025688868, -0.002866948, -0.002181254, -0.004504415, -0.0010073781, -0.0024459208, -0.0012279288, -0.00089386577, 0.0009303176, 0.0045086774, 0.0018312, 0.001589499, -0.004455176, 0.003432806, 0.0045294915, -0.0032072365, -0.0038137913, -0.003042779, 0.0005163361, -0.0040381523, 0.0034722632, 0.0044600843, 0.0011128993, 0.0049904976, 0.0035289777, 0.002748066, -0.002668859, 0.0027606897, 0.0023937947, -0.0028326986, 0.0012940381, 0.0023419915, 0.0021740228, -0.0028517689, -0.0045555, -0.0009994777, -0.004405822, -0.0035835225, 0.0017793892, 0.004705874, 0.0007532573, 0.0029659262, 0.004189316, 0.0044894065, -0.0031699336, 0.0006252853, 0.0042471974, 0.0017564145, -0.001350238, -0.0033568414, 0.0039987643, -0.0036452834, -0.0016451497, 0.00403385, -0.0048826397, -0.000539586, -0.0003538563, 0.0006316338, -0.004087728, -0.0007752726, -0.0011911194, -0.0014555994, 0.0049637407, -0.00146739, -0.004522671, -0.001381962, -0.0034447857, 0.0027969591, 0.0029691206, -0.0010508521, -0.0013615355, 0.0029370037, -0.004225084, -0.00015980024, -0.005008697, -0.0041829045, -0.0008886157, 0.0023326343, -0.0022164453, -0.0005505366], "a": [-0.0048940973, 0.0006660363, 0.004343176, -0.0022788795, 0.004214226, 0.00060997333, -0.0025474438, -0.0034145473, -0.003117169, -0.0010950688, 0.0031772521, 0.00043917334, -0.0010049662, -0.0008151816, 0.0029400347, -0.0017941879, 0.002384921, 0.0027558657, -0.0045091156, -0.0032317399, -0.0024166445, -0.0014897466, -0.0007733427, -0.0013655858, -0.0009391382, -0.0036938908, 0.0013351507, -0.002257439, -0.0005279101, 0.0014639386, 0.002486845, 0.0021170303, -0.0018836517, 0.0008625946, 0.0028605377, 0.0010183122, 0.00079167046, -0.0018359747, 0.004699724, 0.0011628375, -0.00081127754, -0.0012274147, -0.001975839, -0.001216437, 0.0010113615, 0.0041675163, -0.00010000795, 0.0023480018, 0.0010258021, -0.0029748604, 0.0043200455, -0.00060245994, 0.0049695075, -0.0014115243, -0.0025198145, 0.0034460651, -0.0045723915, 0.0030538698, -0.003684269, 0.0022242137, 0.0025139365, 0.00030108838, -0.00030383363, -0.0007782247, 0.0027788086, -0.0007572779, -0.0026225932, -0.00027749734, -0.0029228146, 0.0023828454, -0.00048450188, 0.00407251, -0.0037961167, -0.0009603266, -0.0014288687, 0.0025440056, 0.004105305, -0.003925524, 0.0010031718, 0.0032094093, 0.0042485567, -0.002915458, -0.0017153784, -0.0021303424, 0.0028568888, -0.0024906613, 2.766491e-06, 0.004640799, 0.0024898276, -0.004781439, 0.0035965089, -0.0008023282, -0.00087902707, 0.0038667822, -0.0033995688, 0.0026385214, 0.0032471174, 0.0010522171, 0.000942344, -0.0007059392], "keyword": [0.00022622054, 0.0016765011, -0.0013986283, 0.00085526536, -0.0012347314, 0.0002000555, -0.0026247646, -0.0027023598, -0.0029120836, 0.004916395, 5.8081325e-05, -0.004407907, 0.0041456753, -0.0005811578, -0.0020065932, 0.0007029576, 0.0041713896, -0.0030097014, -0.0010796707, 0.003214427, -0.0013569595, -0.0047961543, -0.003943248, -0.0005605153, -0.0028259812, 0.0039476794, 0.001028096, 0.0043007475, -0.0009894145, 0.00020203492, 0.00058913376, 0.0038687175, -0.00092481857, -0.0049699144, 0.0020640858, 0.00026278847, -0.001669909, -0.0046207854, -6.512929e-05, 0.0029939588, 0.003618598, 0.0046302197, 0.0046000825, -0.0015529848, -0.0049565686, 0.0035114295, 0.00069015514, -0.0041000587, 0.0027038539, -0.004725916, 0.002261237, -0.0028465362, -0.0029330207, 0.004176272, -0.0008328988, 0.0044228756, 4.4664666e-05, -0.0018660423, 0.0026335518, -0.0020459916, 0.00015094258, -0.0011688704, -0.0014083154, 0.0033545368, -0.0005725054, -0.00091618346, 0.0047633965, 0.00023061241, 0.003132769, 0.00092107186, -0.0022205652, -0.004210788, 0.0024134687, -0.0022653295, -0.0016958294, 0.00046005903, -0.0001416842, -0.004971246, 2.2370847e-05, -0.0038825832, -0.0011473637, 0.0004698297, 0.0041912026, -0.004547759, -0.0011608275, 0.0045831897, -0.0036802287, -0.0016305273, -0.00038818142, -0.00026328926, 0.0015268463, -0.0026145373, -0.004465565, -0.0018982184, 0.0009739729, -0.0017936147, 0.0016535964, 0.002057289, -0.0034836968, 0.0031835297], "extraction": [-0.0035152389, 0.0007647695, 0.0010654584, -0.0023382127, 0.0046270117, -0.0028771088, 0.0047025443, -0.0007450319, -0.0026155482, 0.004144661, -0.0035679524, 0.0047289105, 0.0030692806, -0.0042988956, 0.0027600497, -0.002872977, 0.0036198632, 0.0044177235, -0.0026598584, -0.00021526274, -0.004708095, -0.00071232463, -0.002885949, 0.0031530727, -0.0029817144, 0.0019003346, -0.004530935, 0.0030638375, 0.0010737824, 0.0039811963, 0.0038585372, 0.003113675, -0.00207104, 0.0042723934, 0.0012293138, 0.00029474995, -0.0009812017, 0.001795951, 0.0015861746, -0.0034025975, 0.00017451879, -0.00020935081, -0.004861066, -0.004794491, -0.0026272265, -9.702316e-05, -0.00052621856, -0.0040499847, -0.004052934, -0.0014054484, 0.00064433715, -0.0018289562, 0.0022513987, 0.0045107333, -0.0043225107, 0.004358632, -0.0003560729, -0.005016639, 0.002618635, -0.002459302, -0.0011200379, -0.0046986416, 0.0030409945, -0.0006416919, 0.004040497, 0.0013951911, -6.464095e-05, -0.002991214, 0.00028105866, -0.0021615329, -0.0029198031, 0.0031982635, -0.0041465363, -0.0015776168, -0.004065697, 0.00038754486, -0.0049192137, -0.0017961765, 0.003255332, -0.0046564275, 0.0024889137, 0.00020091569, -0.002289965, -2.3285422e-05, -0.0024065422, -0.00038606155, 0.00038648726, 6.1545434e-05, 0.0033532658, 0.0001324696, -0.005026535, -0.00068414275, -0.0050625037, -0.0007429246, 0.00041783816, 0.002586562, 0.002466491, -0.004292344, 0.00067479385, -0.0042047184],